title,url,date
Sports,https://www.reuters.com/sports/,2025-07-10T23:44:44.806030
Science,https://www.reuters.com/science/,2025-07-10T23:44:44.806030
Lifestyle,https://www.reuters.com/lifestyle/,2025-07-10T23:44:44.806030
City Memo,https://www.reuters.com/city-memo/,2025-07-10T23:44:44.806030
Graphics,https://www.reuters.com/graphics/,2025-07-10T23:44:44.806030
Pictures,https://www.reuters.com/pictures/,2025-07-10T23:44:44.806030
Wider Image,https://www.reuters.com/wider-image/,2025-07-10T23:44:44.806030
Podcasts,https://www.reuters.com/podcasts/,2025-07-10T23:44:44.806030
Live,https://www.reuters.com/live/,2025-07-10T23:44:44.806030
Fact Check,https://www.reuters.com/fact-check/,2025-07-10T23:44:44.806030
Video,https://www.reuters.com/video/,2025-07-10T23:44:44.806030
Sponsored Content,https://www.reuters.com/sponsored/,2025-07-10T23:44:44.806030
Russia bombards Kyiv before 'frank' talks with US and aid pledges,https://www.reuters.com/business/aerospace-defense/ukrainian-air-defences-repel-russian-drone-attack-kyiv-2025-07-10/,2025-07-10T23:44:44.806030
"Ukrainian spy colonel gunned down in Kyiv, assailant flees",https://www.reuters.com/world/europe/ukrainian-spy-colonel-gunned-down-kyiv-2025-07-10/,2025-07-10T23:44:44.806030
Rubio seeks to counter unease over Trump tariffs on first Asia trip,https://www.reuters.com/world/asia-pacific/rubio-makes-first-visit-asia-trump-tariffs-loom-2025-07-09/,2025-07-10T23:44:44.806030
Effigies of refugees on bonfire condemned in Northern Ireland,https://www.reuters.com/world/effigies-refugees-bonfire-condemned-northern-ireland-2025-07-10/,2025-07-10T23:44:44.806030
Israeli strike kills children near Gaza clinic with no immediate truce in sight,https://www.reuters.com/world/middle-east/israeli-strike-hits-near-gaza-medical-centre-truce-talks-continue-2025-07-10/,2025-07-10T23:44:44.806030
Exclusive: Mali military helicopter airlifts gold from Barrick-owned Loulo-Gounkoto,https://www.reuters.com/world/africa/mali-military-helicopter-airlifts-gold-barrick-owned-loulo-gounkoto-2025-07-10/,2025-07-10T23:44:44.806030
Argentina Congress passes pension boost despite Milei opposition,https://www.reuters.com/world/americas/argentina-congress-passes-pension-boost-despite-milei-opposition-2025-07-10/,2025-07-10T23:44:44.806030
Gaza doctors cram babies into incubators as fuel shortage threatens hospitals,https://www.reuters.com/world/middle-east/fuel-shortage-threatens-turn-gazas-biggest-hospital-into-graveyard-doctors-say-2025-07-09/,2025-07-10T23:44:44.806030
'We go on living': Kyiv embraces city routines after nights of terror,https://www.reuters.com/business/aerospace-defense/we-go-living-kyiv-embraces-city-routines-after-nights-terror-2025-07-10/,2025-07-10T23:44:44.806030
Netanyahu says he hopes hostage deal can be done in few days,https://www.reuters.com/world/middle-east/netanyahu-says-he-hopes-hostage-deal-can-be-done-few-days-2025-07-10/,2025-07-10T23:44:44.806030
Mahmoud Khalil seeks $20 million from Trump administration over immigration arrest,https://www.reuters.com/legal/government/mahmoud-khalil-seeks-20-million-trump-administration-over-immigration-arrest-2025-07-10/,2025-07-10T23:44:44.806030
"British PM Starmer to visit Trump during his trip to Scotland this month, source says",https://www.reuters.com/world/uk/british-pm-starmer-visit-trump-during-his-trip-scotland-this-month-source-says-2025-07-10/,2025-07-10T23:44:44.806030
"Rescuers save four more survivors from Houthi-struck ship in Red Sea, 10 still missing, operator says",https://www.reuters.com/world/middle-east/rescuers-rescue-four-more-mariners-houthi-struck-ship-11-still-missing-2025-07-10/,2025-07-10T23:44:44.806030
"Israel will strike Iran again if threatened, defence minister says",https://www.reuters.com/world/middle-east/israel-will-strike-iran-again-if-threatened-defence-minister-says-2025-07-10/,2025-07-10T23:44:44.806030
Judge blocks Trump's birthright citizenship order after Supreme Court ruling,https://www.reuters.com/legal/government/judge-weigh-blocking-trump-birthright-citizenship-despite-supreme-court-ruling-2025-07-10/,2025-07-10T23:44:44.806030
"Trump to use presidential authority to send weapons to Ukraine, sources say",https://www.reuters.com/world/europe/trump-use-presidential-authority-send-weapons-ukraine-sources-say-2025-07-10/,2025-07-10T23:44:44.806030
Vessel manager confirms one of five suspected deaths tied to ship sunk by Houthis in Red Sea,https://www.reuters.com/world/middle-east/eternity-c-manager-says-one-individual-believed-dead-four-unaccounted-after-2025-07-10/,2025-07-10T23:44:44.806030
Macron says record illegal Channel crossings point to Brexit failure,https://www.reuters.com/world/uk/macron-says-record-illegal-channel-crossings-point-brexit-failure-2025-07-10/,2025-07-10T23:44:44.806030
"France, Britain unveil nuclear weapons cooperation to counter threat to Europe",https://www.reuters.com/world/france-britain-unveil-nuclear-weapons-cooperation-counter-threat-europe-2025-07-10/,2025-07-10T23:44:44.806030
